,bill_length_mm,bill_depth_mm,flipper_length_mm,body_mass_g,gender_male,average_sleep_duration
0,0.2545454545454545,0.6666666666666666,0.15254237288135594,0.2916666666666667,1,0.5714285714285714
1,0.26909090909090905,0.5119047619047618,0.23728813559322035,0.3055555555555556,0,1.0
2,0.29818181818181805,0.5833333333333334,0.3898305084745763,0.1527777777777778,0,0.5714285714285714
4,0.16727272727272732,0.7380952380952381,0.3559322033898305,0.20833333333333334,0,0.14285714285714285
5,0.26181818181818167,0.892857142857143,0.3050847457627119,0.2638888888888889,1,0.8571428571428571
6,0.24727272727272717,0.5595238095238096,0.15254237288135594,0.2569444444444444,0,0.5714285714285714
7,0.25818181818181823,0.773809523809524,0.3898305084745763,0.5486111111111112,1,0.2857142857142857
12,0.32727272727272727,0.5357142857142859,0.1694915254237288,0.1388888888888889,0,0.7142857142857143
13,0.23636363636363636,0.9642857142857142,0.3220338983050847,0.3055555555555556,1,0.42857142857142855
14,0.09090909090909091,0.9523809523809526,0.4406779661016949,0.4722222222222222,1,0.2857142857142857
15,0.16363636363636364,0.5595238095238096,0.22033898305084745,0.2777777777777778,0,0.42857142857142855
16,0.24000000000000005,0.7023809523809524,0.3898305084745763,0.20833333333333334,0,0.7142857142857143
18,0.08363636363636354,0.6309523809523808,0.2033898305084746,0.1736111111111111,0,0.14285714285714285
19,0.5054545454545454,1.0,0.3728813559322034,0.4166666666666667,1,0.0
20,0.2072727272727271,0.6190476190476192,0.03389830508474576,0.19444444444444445,0,0.0
22,0.13818181818181807,0.7261904761904762,0.288135593220339,0.3055555555555556,0,0.7142857142857143
23,0.22181818181818186,0.5952380952380955,0.22033898305084745,0.3472222222222222,1,0.5714285714285714
24,0.24363636363636348,0.488095238095238,0.13559322033898305,0.3055555555555556,1,0.42857142857142855
25,0.11636363636363621,0.6904761904761904,0.2542372881355932,0.3055555555555556,0,0.8571428571428571
26,0.3090909090909091,0.654761904761905,0.1864406779661017,0.2361111111111111,1,0.14285714285714285
27,0.3054545454545454,0.5714285714285713,0.2542372881355932,0.1388888888888889,0,0.14285714285714285
28,0.2109090909090908,0.654761904761905,0.0,0.125,0,0.5714285714285714
29,0.3054545454545454,0.6904761904761904,0.13559322033898305,0.3472222222222222,1,0.0
30,0.26909090909090905,0.4285714285714285,0.1016949152542373,0.1527777777777778,0,0.5714285714285714
31,0.1854545454545455,0.5952380952380955,0.1016949152542373,0.3333333333333333,1,0.42857142857142855
32,0.26909090909090905,0.5595238095238096,0.2711864406779661,0.16666666666666666,0,0.2857142857142857
33,0.3199999999999999,0.6904761904761904,0.2033898305084746,0.3333333333333333,1,0.42857142857142855
34,0.15636363636363626,0.4642857142857143,0.3898305084745763,0.1736111111111111,0,1.0
35,0.25818181818181823,0.9523809523809526,0.4067796610169492,0.4027777777777778,1,0.7142857142857143
37,0.3672727272727273,0.6428571428571429,0.13559322033898305,0.2361111111111111,0,0.2857142857142857
38,0.2,0.7380952380952381,0.15254237288135594,0.16666666666666666,0,0.0
39,0.27999999999999986,0.7142857142857144,0.2033898305084746,0.5416666666666666,1,0.0
40,0.15999999999999995,0.5833333333333334,0.1694915254237288,0.125,0,0.8571428571428571
41,0.31636363636363624,0.6309523809523808,0.3898305084745763,0.3333333333333333,1,1.0
42,0.14181818181818176,0.6428571428571429,0.23728813559322035,0.1111111111111111,0,0.2857142857142857
43,0.43636363636363634,0.7857142857142856,0.4067796610169492,0.4722222222222222,1,0.7142857142857143
44,0.17818181818181814,0.4523809523809522,0.22033898305084745,0.08333333333333333,0,0.8571428571428571
45,0.2727272727272727,0.6785714285714287,0.3050847457627119,0.5277777777777778,1,1.0
46,0.32727272727272727,0.7023809523809524,0.1694915254237288,0.2013888888888889,1,0.14285714285714285
48,0.14181818181818176,0.5714285714285713,0.3050847457627119,0.20833333333333334,0,0.0
49,0.37090909090909074,0.9642857142857142,0.3220338983050847,0.4027777777777778,1,0.7142857142857143
50,0.2727272727272727,0.5476190476190476,0.23728813559322035,0.2222222222222222,0,0.14285714285714285
51,0.2909090909090909,0.6904761904761904,0.2711864406779661,0.4444444444444444,1,0.14285714285714285
52,0.1054545454545454,0.5714285714285713,0.3050847457627119,0.20833333333333334,0,0.14285714285714285
53,0.35999999999999993,0.7619047619047619,0.4745762711864407,0.375,1,1.0
54,0.08727272727272722,0.5952380952380955,0.2542372881355932,0.05555555555555555,0,0.2857142857142857
55,0.3381818181818181,0.654761904761905,0.3220338983050847,0.2777777777777778,1,0.8571428571428571
56,0.25090909090909086,0.5238095238095238,0.23728813559322035,0.2361111111111111,0,0.42857142857142855
57,0.3090909090909091,0.6785714285714287,0.3559322033898305,0.3055555555555556,1,0.0
58,0.15999999999999995,0.41666666666666685,0.15254237288135594,0.041666666666666664,0,0.42857142857142855
59,0.2,0.7142857142857144,0.3728813559322034,0.2916666666666667,1,0.8571428571428571
60,0.13090909090909095,0.4523809523809522,0.22033898305084745,0.125,0,0.42857142857142855
61,0.33454545454545437,0.9523809523809526,0.3898305084745763,0.4722222222222222,1,0.8571428571428571
62,0.2,0.4642857142857143,0.22033898305084745,0.25,0,0.0
63,0.32727272727272727,0.6071428571428571,0.3389830508474576,0.375,1,0.14285714285714285
64,0.15636363636363626,0.4761904761904764,0.2033898305084746,0.041666666666666664,0,0.7142857142857143
65,0.34545454545454546,0.5833333333333334,0.3389830508474576,0.3472222222222222,1,0.7142857142857143
66,0.12363636363636359,0.369047619047619,0.3898305084745763,0.18055555555555555,0,0.0
67,0.32727272727272727,0.7142857142857144,0.2711864406779661,0.3888888888888889,1,0.5714285714285714
68,0.13818181818181807,0.41666666666666685,0.3050847457627119,0.09722222222222222,0,0.42857142857142855
69,0.35272727272727256,0.7499999999999999,0.4406779661016949,0.4861111111111111,1,0.42857142857142855
70,0.050909090909090855,0.7023809523809524,0.3050847457627119,0.25,0,0.2857142857142857
71,0.2763636363636364,0.6309523809523808,0.3050847457627119,0.3333333333333333,1,0.2857142857142857
73,0.498181818181818,0.6904761904761904,0.423728813559322,0.4027777777777778,1,0.8571428571428571
74,0.12363636363636359,0.5238095238095238,0.3050847457627119,0.2777777777777778,0,0.2857142857142857
75,0.38909090909090893,0.6428571428571429,0.3898305084745763,0.4305555555555556,1,0.0
76,0.3199999999999999,0.4404761904761906,0.3220338983050847,0.2777777777777778,0,0.14285714285714285
77,0.1854545454545455,0.7499999999999999,0.2033898305084746,0.3333333333333333,1,0.42857142857142855
78,0.14909090909090914,0.3571428571428573,0.2542372881355932,0.2361111111111111,0,1.0
79,0.36363636363636365,0.7142857142857144,0.3898305084745763,0.3611111111111111,1,0.42857142857142855
80,0.09090909090909091,0.488095238095238,0.288135593220339,0.1388888888888889,0,0.14285714285714285
81,0.39272727272727265,0.5357142857142859,0.4067796610169492,0.5555555555555556,1,1.0
82,0.16727272727272732,0.6785714285714287,0.2542372881355932,0.3055555555555556,0,0.8571428571428571
84,0.18909090909090895,0.5595238095238096,0.3220338983050847,0.18055555555555555,0,0.42857142857142855
85,0.33454545454545437,0.8571428571428572,0.3728813559322034,0.2361111111111111,1,0.14285714285714285
86,0.15272727272727257,0.7619047619047619,0.3050847457627119,0.3055555555555556,1,0.8571428571428571
87,0.17454545454545445,0.654761904761905,0.288135593220339,0.2222222222222222,0,0.42857142857142855
88,0.2254545454545453,0.7261904761904762,0.288135593220339,0.3472222222222222,1,0.2857142857142857
89,0.24727272727272717,0.6785714285714287,0.3050847457627119,0.25,0,0.7142857142857143
90,0.13090909090909095,0.5833333333333334,0.5084745762711864,0.2361111111111111,0,1.0
91,0.32727272727272727,0.5952380952380955,0.559322033898305,0.4444444444444444,1,0.5714285714285714
93,0.2727272727272727,0.5952380952380955,0.23728813559322035,0.4861111111111111,1,0.5714285714285714
94,0.14909090909090914,0.5000000000000001,0.2542372881355932,0.16666666666666666,0,0.8571428571428571
95,0.31636363636363624,0.6904761904761904,0.6101694915254238,0.4444444444444444,1,0.42857142857142855
96,0.21818181818181817,0.654761904761905,0.3050847457627119,0.2777777777777778,0,0.2857142857142857
97,0.29818181818181805,0.6428571428571429,0.4067796610169492,0.4583333333333333,1,0.8571428571428571
98,0.03636363636363636,0.3571428571428573,0.1016949152542373,0.05555555555555555,0,0.14285714285714285
99,0.4036363636363637,0.6428571428571429,0.3389830508474576,0.3888888888888889,1,0.14285714285714285
100,0.1054545454545454,0.5714285714285713,0.3389830508474576,0.2847222222222222,0,0.5714285714285714
101,0.3236363636363636,0.8214285714285714,0.5254237288135594,0.5625,1,0.42857142857142855
102,0.2036363636363637,0.3452380952380953,0.1864406779661017,0.10416666666666667,0,0.0
103,0.2072727272727271,0.8214285714285714,0.3050847457627119,0.4305555555555556,1,0.14285714285714285
104,0.2109090909090908,0.654761904761905,0.3559322033898305,0.0625,0,0.7142857142857143
105,0.2763636363636364,0.6904761904761904,0.2033898305084746,0.2361111111111111,1,0.42857142857142855
106,0.23636363636363636,0.488095238095238,0.4576271186440678,0.2916666666666667,0,0.8571428571428571
107,0.22181818181818186,0.8214285714285714,0.3050847457627119,0.3333333333333333,1,0.42857142857142855
108,0.21818181818181817,0.4642857142857143,0.15254237288135594,0.13194444444444445,0,0.7142857142857143
109,0.4036363636363637,0.7023809523809524,0.423728813559322,0.5763888888888888,1,1.0
110,0.21818181818181817,0.40476190476190477,0.4406779661016949,0.3125,0,0.8571428571428571
111,0.4909090909090909,0.8571428571428572,0.3220338983050847,0.5277777777777778,1,1.0
112,0.2763636363636364,0.5476190476190476,0.3559322033898305,0.1388888888888889,0,0.5714285714285714
113,0.3672727272727273,0.7619047619047619,0.423728813559322,0.4375,1,1.0
114,0.2727272727272727,0.9047619047619047,0.3220338983050847,0.3333333333333333,0,0.5714285714285714
115,0.3854545454545455,0.6190476190476192,0.4067796610169492,0.3819444444444444,1,0.5714285714285714
117,0.18909090909090895,0.8809523809523809,0.4576271186440678,0.2986111111111111,1,0.7142857142857143
118,0.13090909090909095,0.4642857142857143,0.288135593220339,0.18055555555555555,0,1.0
119,0.32727272727272727,0.654761904761905,0.288135593220339,0.1736111111111111,1,0.5714285714285714
120,0.14909090909090914,0.488095238095238,0.2542372881355932,0.125,0,0.8571428571428571
122,0.2945454545454546,0.4642857142857143,0.06779661016949153,0.20833333333333334,0,1.0
123,0.3381818181818181,0.6428571428571429,0.5084745762711864,0.3263888888888889,1,0.0
124,0.11272727272727277,0.3333333333333334,0.23728813559322035,0.09722222222222222,0,1.0
125,0.3090909090909091,0.7023809523809524,0.4576271186440678,0.3611111111111111,1,0.7142857142857143
126,0.24363636363636348,0.5357142857142859,0.3220338983050847,0.1597222222222222,0,0.5714285714285714
127,0.34181818181818174,0.6190476190476192,0.3898305084745763,0.4444444444444444,1,0.2857142857142857
128,0.25090909090909086,0.4761904761904764,0.3220338983050847,0.09722222222222222,0,0.0
129,0.43636363636363634,0.5833333333333334,0.6440677966101694,0.3611111111111111,1,1.0
130,0.23272727272727267,0.5714285714285713,0.3050847457627119,0.1736111111111111,0,0.42857142857142855
131,0.4,0.7261904761904762,0.423728813559322,0.2222222222222222,1,1.0
132,0.17090909090909076,0.6428571428571429,0.3559322033898305,0.2222222222222222,0,0.0
133,0.19636363636363632,0.6428571428571429,0.4576271186440678,0.4930555555555556,1,1.0
134,0.21818181818181817,0.5357142857142859,0.2542372881355932,0.2013888888888889,0,0.8571428571428571
136,0.12727272727272726,0.5238095238095238,0.3220338983050847,0.13194444444444445,0,1.0
137,0.2945454545454546,0.8333333333333335,0.4745762711864407,0.3541666666666667,1,0.2857142857142857
138,0.17818181818181814,0.40476190476190477,0.22033898305084745,0.19444444444444445,0,0.2857142857142857
139,0.2763636363636364,0.5714285714285713,0.3559322033898305,0.4305555555555556,1,1.0
140,0.2945454545454546,0.4761904761904764,0.3559322033898305,0.19444444444444445,0,0.7142857142857143
141,0.3090909090909091,0.488095238095238,0.2542372881355932,0.2152777777777778,1,0.42857142857142855
142,0.0,0.28571428571428575,0.2711864406779661,0.09722222222222222,0,0.5714285714285714
143,0.3127272727272728,0.4642857142857143,0.3050847457627119,0.2847222222222222,1,0.42857142857142855
144,0.18909090909090895,0.4404761904761906,0.3389830508474576,0.08333333333333333,0,0.0
145,0.25090909090909086,0.6666666666666666,0.22033898305084745,0.2638888888888889,1,0.14285714285714285
146,0.25818181818181823,0.654761904761905,0.3050847457627119,0.4305555555555556,1,0.7142857142857143
148,0.14181818181818176,0.5595238095238096,0.3898305084745763,0.20833333333333334,0,0.0
149,0.2072727272727271,0.5952380952380955,0.3559322033898305,0.2916666666666667,1,0.14285714285714285
150,0.14181818181818176,0.4761904761904764,0.2542372881355932,0.2777777777777778,0,0.2857142857142857
151,0.34181818181818174,0.6428571428571429,0.4915254237288136,0.3611111111111111,1,0.7142857142857143
152,0.509090909090909,0.011904761904761862,0.6610169491525424,0.5,0,0.7142857142857143
153,0.6509090909090909,0.38095238095238104,0.9830508474576272,0.8333333333333334,1,0.5714285714285714
155,0.6509090909090909,0.24999999999999994,0.7796610169491526,0.8333333333333334,1,1.0
156,0.5636363636363636,0.1666666666666667,0.7288135593220338,0.75,1,0.5714285714285714
157,0.5236363636363636,0.04761904761904766,0.6440677966101694,0.5138888888888888,0,0.14285714285714285
158,0.48363636363636353,0.17857142857142858,0.6610169491525424,0.5833333333333334,0,0.5714285714285714
159,0.530909090909091,0.26190476190476203,0.7966101694915254,0.6944444444444444,1,0.8571428571428571
160,0.4072727272727271,0.035714285714285796,0.6271186440677966,0.4722222222222222,0,0.42857142857142855
162,0.3199999999999999,0.07142857142857138,0.711864406779661,0.5416666666666666,0,0.0
163,0.6145454545454545,0.3571428571428573,0.7457627118644068,0.7916666666666666,1,1.0
164,0.48727272727272725,0.07142857142857138,0.711864406779661,0.5416666666666666,0,0.42857142857142855
165,0.5927272727272727,0.17857142857142858,0.6949152542372882,0.875,1,0.8571428571428571
166,0.498181818181818,0.17857142857142858,0.6440677966101694,0.4166666666666667,0,0.5714285714285714
167,0.6254545454545453,0.3095238095238095,0.7627118644067796,0.875,1,1.0
168,0.35999999999999993,0.04761904761904766,0.6440677966101694,0.4027777777777778,0,0.8571428571428571
169,0.6218181818181818,0.24999999999999994,0.8305084745762712,1.0,1,0.2857142857142857
170,0.5127272727272728,0.1666666666666667,0.6271186440677966,0.5833333333333334,0,0.8571428571428571
171,0.6036363636363636,0.23809523809523808,0.847457627118644,0.7361111111111112,1,0.7142857142857143
172,0.6581818181818182,0.142857142857143,0.7796610169491526,0.8333333333333334,1,0.5714285714285714
174,0.5236363636363636,0.1666666666666667,0.6949152542372882,0.4722222222222222,0,0.2857142857142857
175,0.5163636363636362,0.32142857142857156,0.7288135593220338,0.6527777777777778,1,0.2857142857142857
176,0.39272727272727265,0.0,0.7288135593220338,0.6388888888888888,0,0.2857142857142857
177,0.509090909090909,0.23809523809523808,0.7288135593220338,0.6666666666666666,1,0.5714285714285714
179,0.5709090909090907,0.22619047619047622,0.7288135593220338,0.8194444444444444,1,0.7142857142857143
180,0.5854545454545456,0.142857142857143,0.6440677966101694,0.5277777777777778,0,0.2857142857142857
181,0.6509090909090909,0.26190476190476203,0.8135593220338984,0.7916666666666666,1,1.0
182,0.5527272727272726,0.26190476190476203,0.847457627118644,0.7083333333333334,1,0.7142857142857143
183,0.38909090909090893,0.1309523809523809,0.6271186440677966,0.5555555555555556,0,0.2857142857142857
184,0.4727272727272727,0.1666666666666667,0.5932203389830508,0.6527777777777778,0,0.2857142857142857
185,1.0,0.4642857142857143,0.9830508474576272,0.9305555555555556,1,0.5714285714285714
186,0.6181818181818182,0.2023809523809525,0.8135593220338984,0.6805555555555556,0,1.0
187,0.5927272727272727,0.38095238095238104,0.8135593220338984,0.75,1,0.2857142857142857
188,0.38181818181818183,0.07142857142857138,0.6949152542372882,0.625,0,0.2857142857142857
189,0.44727272727272716,0.5000000000000001,0.7966101694915254,0.7083333333333334,1,0.7142857142857143
190,0.4327272727272727,0.05952380952380952,0.7033898305084746,0.4583333333333333,0,0.0
191,0.6036363636363636,0.3095238095238095,0.6101694915254238,0.7361111111111112,1,0.5714285714285714
192,0.3854545454545455,0.07142857142857138,0.6101694915254238,0.3472222222222222,0,0.7142857142857143
193,0.6363636363636364,0.3452380952380953,0.8983050847457628,0.8333333333333334,1,0.14285714285714285
194,0.47999999999999987,0.07142857142857138,0.6440677966101694,0.4444444444444444,0,0.5714285714285714
195,0.6363636363636364,0.22619047619047622,0.7457627118644068,0.5694444444444444,1,0.42857142857142855
196,0.6690909090909091,0.3333333333333334,0.847457627118644,0.7916666666666666,1,0.5714285714285714
197,0.41818181818181815,0.09523809523809532,0.7627118644067796,0.6111111111111112,0,0.42857142857142855
198,0.48727272727272725,0.09523809523809532,0.6440677966101694,0.4166666666666667,0,0.5714285714285714
199,0.6690909090909091,0.3333333333333334,0.8983050847457628,0.75,1,0.0
200,0.46545454545454534,0.023809523809523937,0.6949152542372882,0.6666666666666666,0,0.2857142857142857
201,0.47636363636363643,0.32142857142857156,0.7288135593220338,0.7222222222222222,1,0.2857142857142857
202,0.5272727272727272,0.1309523809523809,0.6440677966101694,0.5972222222222222,0,1.0
203,0.5963636363636363,0.11904761904761904,0.8135593220338984,0.7222222222222222,1,0.14285714285714285
204,0.4727272727272727,0.15476190476190485,0.6440677966101694,0.4722222222222222,0,0.8571428571428571
205,0.6545454545454545,0.22619047619047622,0.8983050847457628,0.6388888888888888,1,0.8571428571428571
206,0.5236363636363636,0.15476190476190485,0.7627118644067796,0.6111111111111112,0,0.2857142857142857
207,0.46909090909090906,0.2738095238095239,0.8135593220338984,0.6527777777777778,1,0.2857142857142857
208,0.4254545454545453,0.09523809523809532,0.6101694915254238,0.4444444444444444,0,0.5714285714285714
209,0.48727272727272725,0.22619047619047622,0.8135593220338984,0.6388888888888888,1,0.42857142857142855
211,0.6654545454545453,0.26190476190476203,0.8813559322033898,0.7916666666666666,1,0.8571428571428571
212,0.47999999999999987,0.08333333333333345,0.6101694915254238,0.4166666666666667,0,0.5714285714285714
213,0.5127272727272728,0.21428571428571436,0.8305084745762712,0.7222222222222222,1,1.0
214,0.4945454545454546,0.26190476190476203,0.711864406779661,0.4722222222222222,0,0.14285714285714285
215,0.8072727272727271,0.3095238095238095,1.0,0.8194444444444444,1,0.8571428571428571
216,0.498181818181818,0.1309523809523809,0.7966101694915254,0.5555555555555556,0,0.42857142857142855
217,0.6436363636363635,0.4404761904761906,0.9830508474576272,0.8333333333333334,1,0.0
219,0.6327272727272727,0.369047619047619,0.9661016949152542,0.8611111111111112,1,0.2857142857142857
220,0.4145454545454545,0.1309523809523809,0.8135593220338984,0.5555555555555556,0,0.7142857142857143
221,0.6763636363636364,0.22619047619047622,0.864406779661017,0.7916666666666666,1,0.8571428571428571
222,0.5672727272727274,0.22619047619047622,0.7457627118644068,0.5694444444444444,0,0.5714285714285714
223,0.5199999999999999,0.2976190476190476,0.8305084745762712,0.6388888888888888,1,0.0
224,0.5854545454545456,0.2976190476190476,0.8305084745762712,0.6666666666666666,1,0.5714285714285714
225,0.5236363636363636,0.2023809523809525,0.7627118644067796,0.6944444444444444,0,0.7142857142857143
226,0.5199999999999999,0.22619047619047622,0.7457627118644068,0.5555555555555556,0,0.7142857142857143
227,0.6,0.3452380952380953,0.9830508474576272,0.8611111111111112,1,0.7142857142857143
228,0.5599999999999999,0.36309523809523797,0.8983050847457628,0.8888888888888888,0,0.2857142857142857
229,0.6909090909090909,0.38095238095238104,0.8135593220338984,0.9166666666666666,1,0.2857142857142857
230,0.47636363636363643,0.08333333333333345,0.7288135593220338,0.5694444444444444,0,0.2857142857142857
231,0.47636363636363643,0.39285714285714274,0.864406779661017,0.9027777777777778,1,0.5714285714285714
232,0.6181818181818182,0.1666666666666667,0.6779661016949152,0.5347222222222222,0,0.5714285714285714
233,0.7418181818181818,0.2976190476190476,0.8305084745762712,0.7638888888888888,1,0.14285714285714285
234,0.5563636363636363,0.17857142857142858,0.6779661016949152,0.5625,0,0.5714285714285714
235,0.6509090909090909,0.1309523809523809,0.8813559322033898,0.7361111111111112,1,0.14285714285714285
236,0.46545454545454534,0.08333333333333345,0.6779661016949152,0.5694444444444444,0,0.2857142857142857
237,0.6799999999999998,0.5000000000000001,0.9491525423728814,0.8055555555555556,1,1.0
239,0.698181818181818,0.1309523809523809,0.7796610169491526,0.7222222222222222,1,0.2857142857142857
240,0.5599999999999999,0.10714285714285718,0.6779661016949152,0.6041666666666666,0,0.2857142857142857
241,0.7272727272727273,0.4642857142857143,0.9830508474576272,0.7916666666666666,1,0.8571428571428571
242,0.5599999999999999,0.22619047619047622,0.7796610169491526,0.625,0,0.8571428571428571
243,0.730909090909091,0.4761904761904764,0.9491525423728814,0.75,1,0.0
244,0.48727272727272725,0.1666666666666667,0.6779661016949152,0.5694444444444444,0,0.5714285714285714
245,0.6327272727272727,0.3571428571428573,0.8813559322033898,0.8194444444444444,1,0.8571428571428571
246,0.45090909090909087,0.19047619047619044,0.711864406779661,0.5972222222222222,0,1.0
247,0.6799999999999998,0.3095238095238095,0.9152542372881356,0.6944444444444444,1,0.42857142857142855
248,0.629090909090909,0.32142857142857156,0.7457627118644068,0.6180555555555556,1,0.42857142857142855
249,0.5381818181818181,0.17857142857142858,0.847457627118644,0.6041666666666666,0,0.42857142857142855
250,0.5927272727272727,0.15476190476190485,0.5254237288135594,0.5347222222222222,0,0.14285714285714285
251,0.6909090909090909,0.40476190476190477,0.8983050847457628,0.7083333333333334,1,0.5714285714285714
252,0.5963636363636363,0.22619047619047622,0.7966101694915254,0.5972222222222222,0,0.14285714285714285
253,0.8654545454545454,0.4642857142857143,0.9491525423728814,0.8055555555555556,1,0.0
254,0.5490909090909092,0.28571428571428575,0.7288135593220338,0.6319444444444444,0,1.0
255,0.6181818181818182,0.22619047619047622,0.9491525423728814,0.7777777777777778,1,0.0
257,0.5345454545454544,0.3571428571428573,0.7288135593220338,0.7777777777777778,1,0.0
258,0.3490909090909091,0.19047619047619044,0.6440677966101694,0.5555555555555556,0,0.2857142857142857
259,0.7745454545454544,0.32142857142857156,0.7966101694915254,0.7777777777777778,1,0.7142857142857143
260,0.4072727272727271,0.10714285714285718,0.6101694915254238,0.5208333333333334,0,1.0
261,0.5818181818181818,0.17857142857142858,0.6271186440677966,0.7777777777777778,1,0.8571428571428571
262,0.6690909090909091,0.24999999999999994,0.7457627118644068,0.6388888888888888,0,0.7142857142857143
263,0.6436363636363635,0.3333333333333334,0.9661016949152542,0.9027777777777778,1,1.0
264,0.4145454545454545,0.24999999999999994,0.6949152542372882,0.5416666666666666,0,0.42857142857142855
265,0.7054545454545454,0.38095238095238104,0.9830508474576272,0.7777777777777778,1,0.8571428571428571
266,0.5127272727272728,0.11904761904761904,0.7627118644067796,0.4652777777777778,0,0.0
267,0.8363636363636363,0.3452380952380953,0.9830508474576272,0.875,1,0.0
269,0.6072727272727271,0.369047619047619,0.847457627118644,0.9166666666666666,1,0.8571428571428571
270,0.5490909090909092,0.07142857142857138,0.711864406779661,0.6180555555555556,0,0.5714285714285714
272,0.5345454545454544,0.142857142857143,0.7288135593220338,0.5972222222222222,0,0.2857142857142857
273,0.6654545454545453,0.3095238095238095,0.847457627118644,0.8472222222222222,1,0.0
274,0.47636363636363643,0.2023809523809525,0.6779661016949152,0.6944444444444444,0,0.0
275,0.6472727272727272,0.3571428571428573,0.6949152542372882,0.75,1,0.42857142857142855
276,0.5236363636363636,0.5714285714285713,0.3389830508474576,0.2222222222222222,0,0.14285714285714285
277,0.6509090909090909,0.7619047619047619,0.4067796610169492,0.3333333333333333,1,0.0
278,0.698181818181818,0.7261904761904762,0.3559322033898305,0.2638888888888889,1,1.0
280,0.7490909090909091,0.7976190476190477,0.423728813559322,0.2847222222222222,1,1.0
281,0.47636363636363643,0.5595238095238096,0.4406779661016949,0.3472222222222222,0,0.0
282,0.509090909090909,0.6071428571428571,0.1016949152542373,0.1527777777777778,0,0.7142857142857143
284,0.5054545454545454,0.6904761904761904,0.3898305084745763,0.4027777777777778,0,0.14285714285714285
285,0.698181818181818,0.8095238095238093,0.4406779661016949,0.2777777777777778,1,0.14285714285714285
286,0.5272727272727272,0.5595238095238096,0.3559322033898305,0.3055555555555556,0,0.2857142857142857
287,0.7127272727272728,0.8571428571428572,0.3728813559322034,0.2986111111111111,1,0.5714285714285714
288,0.5418181818181818,0.5000000000000001,0.22033898305084745,0.2777777777777778,0,0.5714285714285714
289,0.7236363636363636,0.5952380952380955,0.4915254237288136,0.375,1,0.14285714285714285
290,0.5018181818181817,0.4761904761904764,0.3050847457627119,0.24305555555555555,0,0.5714285714285714
291,0.6690909090909091,0.773809523809524,0.4915254237288136,0.375,1,0.42857142857142855
292,0.6618181818181816,0.8214285714285714,0.423728813559322,0.16666666666666666,1,0.5714285714285714
293,0.9418181818181818,0.5595238095238096,0.15254237288135594,0.2777777777777778,0,0.42857142857142855
294,0.5199999999999999,0.654761904761905,0.3050847457627119,0.20833333333333334,0,0.5714285714285714
295,0.6218181818181818,0.6071428571428571,0.3898305084745763,0.4722222222222222,1,0.42857142857142855
296,0.37454545454545446,0.5000000000000001,0.15254237288135594,0.25,0,0.7142857142857143
298,0.4036363636363637,0.41666666666666685,0.2542372881355932,0.05555555555555555,0,1.0
299,0.6727272727272727,0.7499999999999999,0.3559322033898305,0.3055555555555556,1,1.0
300,0.530909090909091,0.5714285714285713,0.3898305084745763,0.16666666666666666,0,0.2857142857142857
301,0.7236363636363636,0.7023809523809524,0.423728813559322,0.4027777777777778,1,0.2857142857142857
302,0.6690909090909091,0.6309523809523808,0.4745762711864407,0.19444444444444445,0,0.8571428571428571
303,0.6327272727272727,0.7023809523809524,0.4745762711864407,0.3055555555555556,1,0.2857142857142857
304,0.5199999999999999,0.5595238095238096,0.3220338983050847,0.2777777777777778,0,0.0
305,0.7527272727272726,0.8214285714285714,0.559322033898305,0.5138888888888888,1,0.42857142857142855
306,0.3199999999999999,0.41666666666666685,0.2542372881355932,0.1388888888888889,0,0.0
307,0.8036363636363637,0.9166666666666667,0.4915254237288136,0.4444444444444444,1,0.14285714285714285
308,0.3781818181818181,0.4285714285714285,0.2542372881355932,0.18055555555555555,0,0.5714285714285714
309,0.6872727272727273,0.6785714285714287,0.5254237288135594,0.3888888888888889,1,0.42857142857142855
310,0.64,0.654761904761905,0.3898305084745763,0.25,1,0.42857142857142855
311,0.5599999999999999,0.4404761904761906,0.4576271186440678,0.3333333333333333,0,0.42857142857142855
312,0.5636363636363636,0.6190476190476192,0.5508474576271186,0.3194444444444444,0,1.0
313,0.7236363636363636,0.9047619047619047,0.6440677966101694,0.5833333333333334,1,0.8571428571428571
314,0.5381818181818181,0.41666666666666685,0.3389830508474576,0.0,0,0.0
315,0.7781818181818181,0.8095238095238093,0.559322033898305,0.5,1,0.8571428571428571
316,0.6145454545454545,0.7619047619047619,0.6440677966101694,0.3472222222222222,1,0.2857142857142857
317,0.5127272727272728,0.5238095238095238,0.2542372881355932,0.2638888888888889,0,0.14285714285714285
318,0.6836363636363635,0.7142857142857144,0.4067796610169492,0.2361111111111111,1,0.8571428571428571
320,0.6836363636363635,0.5714285714285713,0.4067796610169492,0.2708333333333333,0,1.0
321,0.6799999999999998,0.6428571428571429,0.4915254237288136,0.4861111111111111,1,1.0
323,0.6145454545454545,0.773809523809524,0.6779661016949152,0.4444444444444444,1,1.0
324,0.7054545454545454,0.6666666666666666,0.2542372881355932,0.1527777777777778,1,0.5714285714285714
325,0.6436363636363635,0.5000000000000001,0.4406779661016949,0.2708333333333333,0,0.42857142857142855
326,0.5818181818181818,0.39285714285714274,0.4576271186440678,0.1736111111111111,0,0.8571428571428571
327,0.7018181818181817,0.7023809523809524,0.4915254237288136,0.3472222222222222,1,0.42857142857142855
328,0.4945454545454546,0.5000000000000001,0.3559322033898305,0.25,0,0.7142857142857143
329,0.6763636363636364,0.7857142857142856,0.5254237288135594,0.375,1,0.7142857142857143
330,0.3781818181818181,0.5000000000000001,0.2542372881355932,0.18055555555555555,0,0.0
331,0.730909090909091,0.6785714285714287,0.423728813559322,0.20833333333333334,1,0.7142857142857143
332,0.47636363636363643,0.41666666666666685,0.3220338983050847,0.1527777777777778,0,0.2857142857142857
333,0.6254545454545453,0.8095238095238093,0.5254237288135594,0.375,1,0.14285714285714285
336,0.7199999999999999,0.7619047619047619,0.576271186440678,0.3472222222222222,1,0.0
337,0.5345454545454544,0.40476190476190477,0.288135593220339,0.2638888888888889,0,0.2857142857142857
339,0.8618181818181817,0.7976190476190477,0.5932203389830508,0.3611111111111111,1,0.5714285714285714
340,0.4145454545454545,0.5952380952380955,0.5084745762711864,0.19444444444444445,0,0.2857142857142857
341,0.6363636363636364,0.6071428571428571,0.3559322033898305,0.2986111111111111,1,0.42857142857142855
342,0.6799999999999998,0.7023809523809524,0.6440677966101694,0.3888888888888889,1,0.0
343,0.6581818181818182,0.6666666666666666,0.4406779661016949,0.2986111111111111,0,0.0
